{
  "disabled": false,
  "bindings": [
    {
      "type": "queueTrigger",
      "direction": "in",
      "name": "myQueueItem",
      "queueName": "myqueue-insert-person-row",
      "connection": "AzureWebJobsStorage"
    },
    {
      "type": "table",
      "direction": "out",
      "name": "personEntity",
      "tableName": "Person",
      "connection": "AzureWebJobsStorage"
    }
  ],
  "entryPoint": "handle",
  "scriptFile": "../src/handlers/storage/storageQueueTriggerFromStorageTable_fn2.js"
}