{
  "disabled": false,
  "bindings": [
    {
      "type": "queueTrigger",
      "direction": "in",
      "name": "message",
      "queueName": "myqueue-select-person-row",
      "connection": "AzureWebJobsStorage"
    },
    {
      "type": "queue",
      "direction": "out",
      "name": "messageOut",
      "queueName": "myqueue-select-person-row-new",
      "connection": "AzureWebJobsStorage"
    }
  ],
  "entryPoint": "handle",
  "scriptFile": "../src/handlers/storage/storageQueueTriggerToStorageQueue_fn1.js"
}