{
  "disabled": false,
  "bindings": [
    {
      "type": "httpTrigger",
      "direction": "in",
      "name": "req",
      "route": "addpersonv3",
      "authLevel": "anonymous",
      "methods": [
        "post"
      ]
    },
    {
      "type": "table",
      "direction": "out",
      "name": "personEntity",
      "tableName": "Person",
      "connection": "AzureWebJobsStorage"
    },
    {
      "type": "http",
      "direction": "out",
      "name": "res"
    }
  ],
  "entryPoint": "handle",
  "scriptFile": "../src/handlers/http/httpTriggerToStorageTable_fn2.js"
}