{
  "disabled": false,
  "bindings": [
    {
      "type": "httpTrigger",
      "direction": "in",
      "name": "req",
      "authLevel": "anonymous",
      "methods": [
        "post"
      ]
    },
    {
      "type": "blob",
      "direction": "out",
      "name": "blobOutput",
      "path": "my-output-container/{rand-guid}.txt",
      "connection": "AzureWebJobsStorage"
    },
    {
      "type": "http",
      "direction": "out",
      "name": "res"
    }
  ],
  "entryPoint": "handle",
  "scriptFile": "../src/handlers/http/httpTriggerToStorageBlob_fn1.js"
}