{
  "disabled": false,
  "bindings": [
    {
      "type": "httpTrigger",
      "direction": "in",
      "name": "req",
      "authLevel": "anonymous",
      "methods": [
        "post"
      ]
    },
    {
      "type": "queue",
      "direction": "out",
      "name": "message",
      "queueName": "myqueue-items3",
      "connection": "AzureWebJobsStorage"
    },
    {
      "type": "http",
      "direction": "out",
      "name": "res"
    }
  ],
  "entryPoint": "handle",
  "scriptFile": "../src/handlers/http/httpTriggerToStorageQueue_fn2.js"
}